Stock Summary as on 31/08/2026,,,,,
Warehouse Location: Pune,,,,,
,,,,,
Item Name,Opening Stock,Quantity In,Quantity Out,Closing Stock,Purchase Account Name
304 CABLE TRAY 100X50X4X2.5 MTR, 	-   , 	-   , 	450.00 , 	-450.00 ,Cost of Goods Sold
304 CABLE TRAY 50X50X4X2.5 MTR, 	-   , 	-   , 	800.00 , 	-800.00 ,Cost of Goods Sold
AB-2085IF8, 	-   , 	2.00 , 	-   , 	2.00 ,Cost of Goods Sold
"ABP-MS PRESSURE GAUGE (0-7)KG/4"" X 1/2""", 	-   , 	3.00 , 	-   , 	3.00 ,Cost of Goods Sold
"ABP-MS PRESSURE GAUGE 1/4"" / (0-10) KG", 	-   , 	1.00 , 	-   , 	1.00 ,Cost of Goods Sold
ADV-IPC-610MB-00HD, 	-   , 	-   , 	1.00 , 	-1.00 ,Cost of Goods Sold
ALF-3131703753, 	-   , 	10.00 , 	-   , 	10.00 ,Cost of Goods Sold
ALF-3131703772, 	-   , 	10.00 , 	-   , 	10.00 ,Cost of Goods Sold
ALF-3131703785, 	-   , 	5.00 , 	-   , 	5.00 ,Cost of Goods Sold
ALF-9612636503, 	-   , 	-   , 	12.00 , 	-12.00 ,Cost of Goods Sold
ALF-9612636507, 	-   , 	12.00 , 	-   , 	12.00 ,Cost of Goods Sold
ANC-SS304 FASTNER M12X100MM, 	-   , 	76.00 , 	-   , 	76.00 ,Cost of Goods Sold
BAU-CTX323B220, 	-   , 	-   , 	1.00 , 	-1.00 ,Cost of Goods Sold
BAU-ESG 34AH0200-PL, 	-   , 	10.00 , 	-   , 	10.00 ,Cost of Goods Sold
BAU-LBFH.21.010.A03020.1.0003.0, 	-   , 	-   , 	4.00 , 	-4.00 ,Cost of Goods Sold
BAU-ZPH15213, 	-   , 	1.00 , 	-   , 	1.00 ,Cost of Goods Sold
BAU-ZPH1-5236, 	-   , 	1.00 , 	-   , 	1.00 ,Cost of Goods Sold
BLU-BB-12PFL-LIU-SM-LC-DIN, 	-   , 	6.00 , 	-   , 	6.00 ,Cost of Goods Sold
BLU-BB6PFL-LIU-SM-LC-DIN, 	-   , 	-   , 	10.00 , 	-10.00 ,Cost of Goods Sold
BLU-BBSM-LCLC-DP-2, 	-   , 	6.00 , 	20.00 , 	-14.00 ,Cost of Goods Sold
C&S-CS60047, 	-   , 	1.00 , 	-   , 	1.00 ,Cost of Goods Sold
C&S-CSMBS4C32, 	-   , 	1.00 , 	-   , 	1.00 ,Cost of Goods Sold
Channel Plate Gasket, 	-   , 	-   , 	30.00 , 	-30.00 ,Cost of Goods Sold
CON-CA702, 	-   , 	100.00 , 	-   , 	100.00 ,Cost of Goods Sold
CON-CA722/10, 	-   , 	10.00 , 	-   , 	10.00 ,Cost of Goods Sold
CON-CDL4UN, 	-   , 	400.00 , 	-   , 	400.00 ,Cost of Goods Sold
CON-CF4U110-240V, 	-   , 	200.00 , 	-   , 	200.00 ,Cost of Goods Sold
CON-CGT35U, 	-   , 	1.00 , 	-   , 	1.00 ,Cost of Goods Sold
CON-CTS2.5UN, 	-   ," 	1,900.00 ", 	-   ," 	1,900.00 ",Cost of Goods Sold
CON-CTS2.5UNBK, 	-   , 	381.00 , 	-   , 	381.00 ,Cost of Goods Sold
CON-CTS2.5UNR, 	-   , 	381.00 , 	-   , 	381.00 ,Cost of Goods Sold
CON-CTS35UNBK, 	-   , 	1.00 , 	-   , 	1.00 ,Cost of Goods Sold
CON-CTS35UNBU, 	-   , 	1.00 , 	-   , 	1.00 ,Cost of Goods Sold
CON-CTS35UNR, 	-   , 	1.00 , 	-   , 	1.00 ,Cost of Goods Sold
CON-CTS35UNY, 	-   , 	1.00 , 	-   , 	1.00 ,Cost of Goods Sold
CON-EP-2.5/4UN, 	-   , 	100.00 , 	-   , 	100.00 ,Cost of Goods Sold
CON-EPCDL4UN, 	-   , 	100.00 , 	-   , 	100.00 ,Cost of Goods Sold
DEL-DVP04AD-S, 	-   , 	1.00 , 	2.00 , 	-1.00 ,Cost of Goods Sold
DEL-TSW010, 	-   , 	1.00 , 	-   , 	1.00 ,Cost of Goods Sold
DEL-UC-PRG020-12A, 	-   , 	1.00 , 	-   , 	1.00 ,Cost of Goods Sold
ELE-4'' SCREW FILTER, 	-   , 	2.00 , 	-   , 	2.00 ,Cost of Goods Sold
ELE-4'' SNAP FILTER, 	-   , 	2.00 , 	-   , 	2.00 ,Cost of Goods Sold
ELM-DISTRU BLOCK DBK 1X4 BLACK, 	-   , 	1.00 , 	-   , 	1.00 ,Cost of Goods Sold
ELM-DISTRU BLOCK DBK 1X4 BLUE, 	-   , 	1.00 , 	-   , 	1.00 ,Cost of Goods Sold
ELM-DISTRU BLOCK DBK 1X4 RED, 	-   , 	1.00 , 	-   , 	1.00 ,Cost of Goods Sold
ELM-DISTRU BLOCK DBK 1X4 YELLOW, 	-   , 	1.00 , 	-   , 	1.00 ,Cost of Goods Sold
ELM-DISTRU BLOCK DBK 1X8 BLACK, 	-   , 	1.00 , 	-   , 	1.00 ,Cost of Goods Sold
ELM-DISTRU BLOCK DBK 1X8 BLUE, 	-   , 	1.00 , 	-   , 	1.00 ,Cost of Goods Sold
ELM-DISTRU BLOCK DBK 1X8 RED, 	-   , 	1.00 , 	-   , 	1.00 ,Cost of Goods Sold
ELM-DISTRU BLOCK DBK 1X8 YELLOW, 	-   , 	1.00 , 	-   , 	1.00 ,Cost of Goods Sold
ELM-ET35 EARTHING, 	-   , 	2.00 , 	-   , 	2.00 ,Cost of Goods Sold
ELM-ET6 EARTHING, 	-   , 	10.00 , 	-   , 	10.00 ,Cost of Goods Sold
ELM-KUT35 BLACK, 	-   , 	2.00 , 	-   , 	2.00 ,Cost of Goods Sold
ELM-KUT35 BLUE, 	-   , 	2.00 , 	-   , 	2.00 ,Cost of Goods Sold
ELM-KUT35 RED, 	-   , 	2.00 , 	-   , 	2.00 ,Cost of Goods Sold
ELM-KUT35 YELLOW, 	-   , 	2.00 , 	-   , 	2.00 ,Cost of Goods Sold
End plate gasket, 	-   , 	-   , 	2.00 , 	-2.00 ,Cost of Goods Sold
ESS-K30, 	-   , 	1.00 , 	-   , 	1.00 ,Cost of Goods Sold
EVE-6F22 9V, 	-   , 	2.00 , 	-   , 	2.00 ,Cost of Goods Sold
FIN-6C-ARM-FOC-SM, 	-   , 	-   ," 	2,000.00 "," 	-2,000.00 ",Cost of Goods Sold
GIC-MA51BC, 	-   , 	2.00 , 	-   , 	2.00 ,Cost of Goods Sold
GPSO-25-0118_FULLY WIRED CABINET FOR SWITCH, 	-   , 	-   , 	5.00 , 	-5.00 ,Cost of Goods Sold
GPSO-25-0118_FULLY WIRED POLYCARBONATE CABINET FOR GATEWAY, 	-   , 	-   , 	18.00 , 	-18.00 ,Cost of Goods Sold
GPSO-25-0118_GRAY COLOR PVC TERMINAL BLOCK 0.75MM, 	-   , 	-   ," 	2,000.00 "," 	-2,000.00 ",Cost of Goods Sold
GPSO-25-0118_PVC TERMINAL BLOCK 1.5MM(RED AND BLACK SET), 	-   , 	-   , 	800.00 , 	-800.00 ,Cost of Goods Sold
GPSO-25-0118_SIMATIC ENERGY MANAGER BASIC/PRO, 	-   , 	-   , 	1.00 , 	-1.00 ,Cost of Goods Sold
GPSO-26-0033_PNEUMATICS, 	-   , 	-   , 	1.00 , 	-1.00 ,Cost of Goods Sold
GPSO-26-0033_SS PANEL, 	-   , 	-   , 	1.00 , 	-1.00 ,Cost of Goods Sold
IDE-AXIAL SLEEVE FAN 2.5'' 24VDC, 	-   , 	1.00 , 	-   , 	1.00 ,Cost of Goods Sold
IMM-HEATER 4.5KW 415V, 	-   , 	1.00 , 	-   , 	1.00 ,Cost of Goods Sold
IMM-HEATER 6 KW 415V, 	-   , 	2.00 , 	-   , 	2.00 ,Cost of Goods Sold
Installation Charges, 	-   , 	1.00 , 	-   , 	1.00 ,Cost of Goods Sold
JAN-A2C01, 	-   , 	3.00 , 	-   , 	3.00 ,Cost of Goods Sold
JAN-A2G02, 	-   , 	3.00 , 	-   , 	3.00 ,Cost of Goods Sold
JAN-ASB0161, 	-   , 	1.00 , 	-   , 	1.00 ,Cost of Goods Sold
JAN-DS244SR60W, 	-   , 	8.00 , 	2.00 , 	6.00 ,Cost of Goods Sold
JAN-FRC136134, 	-   , 	3.00 , 	-   , 	3.00 ,Cost of Goods Sold
JAN-FRC156334, 	-   , 	2.00 , 	-   , 	2.00 ,Cost of Goods Sold
JAN-GS152, 	-   , 	26.00 , 	-   , 	26.00 ,Cost of Goods Sold
JAN-M0510108, 	-   , 	1.00 , 	-   , 	1.00 ,Cost of Goods Sold
JAN-PS0101504A, 	-   , 	1.00 , 	-   , 	1.00 ,Cost of Goods Sold
JAN-WH00B06, 	-   , 	100.00 , 	-   , 	100.00 ,Cost of Goods Sold
JAN-WH00B10, 	-   , 	102.00 , 	-   , 	102.00 ,Cost of Goods Sold
JAN-WP2100606, 	-   , 	5.00 , 	-   , 	5.00 ,Cost of Goods Sold
JAN-WP2110650, 	-   , 	5.00 , 	-   , 	5.00 ,Cost of Goods Sold
JAN-WP2110651, 	-   , 	12.00 , 	-   , 	12.00 ,Cost of Goods Sold
JAN-WP2111053, 	-   , 	2.00 , 	-   , 	2.00 ,Cost of Goods Sold
JAN-WP2210650, 	-   , 	8.00 , 	-   , 	8.00 ,Cost of Goods Sold
JAN-WP2210652, 	-   , 	32.00 , 	-   , 	32.00 ,Cost of Goods Sold
JAN-WP2211051, 	-   , 	2.00 , 	-   , 	2.00 ,Cost of Goods Sold
JAN-WP2300606, 	-   , 	4.00 , 	-   , 	4.00 ,Cost of Goods Sold
JAN-WP2500606, 	-   , 	10.00 , 	-   , 	10.00 ,Cost of Goods Sold
JAN-WP2501010, 	-   , 	1.00 , 	-   , 	1.00 ,Cost of Goods Sold
KAY-KLS001XOA, 	-   , 	2.00 , 	-   , 	2.00 ,Cost of Goods Sold
L&T-WL411011OOOO, 	-   , 	1.00 , 	-   , 	1.00 ,Cost of Goods Sold
LAP-4510022U100, 	-   , 	400.00 , 	-   , 	400.00 ,Cost of Goods Sold
MIL-M130 SS316 METERING PUMP 50 LPH, 	-   , 	2.00 , 	-   , 	2.00 ,Cost of Goods Sold
OMR-MY2N 24V DC, 	-   , 	2.00 , 	-   , 	2.00 ,Cost of Goods Sold
OMR-S8VK-C12024, 	-   , 	7.00 , 	2.00 , 	5.00 ,Cost of Goods Sold
OMR-S8VK-C48024, 	-   , 	1.00 , 	-   , 	1.00 ,Cost of Goods Sold
PHO-2966171, 	-   , 	-   , 	8.00 , 	-8.00 ,Cost of Goods Sold
PHO-2966838, 	-   , 	5.00 , 	-   , 	5.00 ,Cost of Goods Sold
PHO-4*6 TUBE, 	-   , 	100.00 , 	-   , 	100.00 ,Cost of Goods Sold
PHO-NY-810, 	-   , 	35.00 , 	-   , 	35.00 ,Cost of Goods Sold
PLA-MGB-TLX, 	-   , 	6.00 , 	12.00 , 	-6.00 ,Cost of Goods Sold
POL-1C*6SQMM GREEN, 	-   , 	-   , 	400.00 , 	-400.00 ,Cost of Goods Sold
POL-3C*0.75SQMM, 	-   , 	800.00 , 	-   , 	800.00 ,Cost of Goods Sold
POL-3C*1.5SQMM SS BRADED, 	-   , 	-   ," 	1,700.00 "," 	-1,700.00 ",Cost of Goods Sold
POL-3CX0.75SQMM SS BRAIDED, 	-   , 	-   ," 	2,300.00 "," 	-2,300.00 ",Cost of Goods Sold
POL-4C*0.75SQMM, 	-   , 	800.00 , 	-   , 	800.00 ,Cost of Goods Sold
POL-5C*2.5SQMM CU FLEXIBLE, 	-   , 	10.00 , 	-   , 	10.00 ,Cost of Goods Sold
POL-FLEXIBLE WIRE 35SQMM BLACK, 	-   , 	5.00 , 	-   , 	5.00 ,Cost of Goods Sold
POL-FLEXIBLE WIRE 35SQMM BLUE, 	-   , 	5.00 , 	-   , 	5.00 ,Cost of Goods Sold
POL-FLEXIBLE WIRE 35SQMM RED, 	-   , 	5.00 , 	-   , 	5.00 ,Cost of Goods Sold
POL-FLEXIBLE WIRE 35SQMM YELLOW, 	-   , 	5.00 , 	-   , 	5.00 ,Cost of Goods Sold
PPI-AIME 8U, 	-   , 	2.00 , 	1.00 , 	1.00 ,Cost of Goods Sold
RAS-PI 4B, 	-   , 	1.00 , 	-   , 	1.00 ,Cost of Goods Sold
RAS-PI5, 	-   , 	2.00 , 	1.00 , 	1.00 ,Cost of Goods Sold
RAS-PI5 CASE, 	-   , 	2.00 , 	1.00 , 	1.00 ,Cost of Goods Sold
RAS-PI5 COOLER, 	-   , 	1.00 , 	-   , 	1.00 ,Cost of Goods Sold
SAL-61196, 	-   , 	1.00 , 	-   , 	1.00 ,Cost of Goods Sold
SCH-A9N4P25CGN, 	-   , 	1.00 , 	-   , 	1.00 ,Cost of Goods Sold
SEN-RTD 5x120MM SIMPLEX, 	-   , 	6.00 , 	3.00 , 	3.00 ,Cost of Goods Sold
SHA-H92G, 	-   , 	1.00 , 	-   , 	1.00 ,Cost of Goods Sold
SIE-3RA19211DA00, 	-   , 	5.00 , 	-   , 	5.00 ,Cost of Goods Sold
SIE-5SL42067RC, 	-   , 	5.00 , 	19.00 , 	-14.00 ,Cost of Goods Sold
SIE-5SL42107RC, 	-   , 	-   , 	15.00 , 	-15.00 ,Cost of Goods Sold
SIE-5SL42167RC, 	-   , 	1.00 , 	-   , 	1.00 ,Cost of Goods Sold
SIE-5SL42327RC, 	-   , 	-   , 	4.00 , 	-4.00 ,Cost of Goods Sold
SIE-6AV21542MB025LA0, 	-   , 	1.00 , 	-   , 	1.00 ,Cost of Goods Sold
SIE-6AV21570BQ025LB0, 	-   , 	1.00 , 	-   , 	1.00 ,Cost of Goods Sold
SIE-6AV21572EA000LB0, 	-   , 	1.00 , 	-   , 	1.00 ,Cost of Goods Sold
SIE-6AV63722DF070FH0, 	-   , 	1.00 , 	-   , 	1.00 ,Cost of Goods Sold
SIE-6AV63722DF270AH0, 	-   , 	1.00 , 	-   , 	1.00 ,Cost of Goods Sold
SIE-6ES71346GF000AA1, 	-   , 	2.00 , 	-   , 	2.00 ,Cost of Goods Sold
SIE-6ES71556AR010AN0, 	-   , 	1.00 , 	-   , 	1.00 ,Cost of Goods Sold
SIE-6ES72121AE400XB0, 	-   , 	16.00 , 	18.00 , 	-2.00 ,Cost of Goods Sold
SIE-6ES72314HF320XB0, 	-   , 	1.00 , 	-   , 	1.00 ,Cost of Goods Sold
SIE-6ES72411CH301XB0, 	-   , 	10.00 , 	18.00 , 	-8.00 ,Cost of Goods Sold
SIE-6ES79548LE040AA0, 	-   , 	1.00 , 	-   , 	1.00 ,Cost of Goods Sold
SIE-6GK52080BA002TB2, 	-   , 	-   , 	2.00 , 	-2.00 ,Cost of Goods Sold
SMC-AFG20-02-D, 	-   , 	1.00 , 	-   , 	1.00 ,Cost of Goods Sold
SMC-AN15-02, 	-   , 	2.00 , 	-   , 	2.00 ,Cost of Goods Sold
SMC-AW20-01G1-D, 	-   , 	1.00 , 	-   , 	1.00 ,Cost of Goods Sold
SMC-KQ2H06-U01A, 	-   , 	8.00 , 	-   , 	8.00 ,Cost of Goods Sold
SMC-KQ2H10-U01A, 	-   , 	2.00 , 	-   , 	2.00 ,Cost of Goods Sold
SMC-KQ2H10-U02A, 	-   , 	2.00 , 	-   , 	2.00 ,Cost of Goods Sold
SMC-PL-01, 	-   , 	8.00 , 	-   , 	8.00 ,Cost of Goods Sold
SMC-PL-02, 	-   , 	1.00 , 	-   , 	1.00 ,Cost of Goods Sold
SMC-SS5Y5-20-08, 	-   , 	1.00 , 	-   , 	1.00 ,Cost of Goods Sold
SMC-SY5120-5LZ-01, 	-   , 	8.00 , 	-   , 	8.00 ,Cost of Goods Sold
SMC-Y200T-D, 	-   , 	1.00 , 	-   , 	1.00 ,Cost of Goods Sold
"SMI-1-PH, TAPE WOUND CONTROL TRANSFARMER : 1000VA", 	-   , 	1.00 , 	-   , 	1.00 ,Cost of Goods Sold
TEK-2AF3, 	-   , 	5.00 , 	-   , 	5.00 ,Cost of Goods Sold
TEK-2AF4, 	-   , 	5.00 , 	-   , 	5.00 ,Cost of Goods Sold
TEK-2AF8, 	-   , 	7.00 , 	1.00 , 	6.00 ,Cost of Goods Sold
TEK-2AML4, 	-   , 	6.00 , 	-   , 	6.00 ,Cost of Goods Sold
TEK-2AS22P, 	-   , 	6.00 , 	-   , 	6.00 ,Cost of Goods Sold
TEK-3EPLBR3L, 	-   , 	5.00 , 	-   , 	5.00 ,Cost of Goods Sold
TEK-3PLBR4LBZ, 	-   , 	5.00 , 	1.00 , 	4.00 ,Cost of Goods Sold
TEK-3PLBR6L, 	-   , 	1.00 , 	-   , 	1.00 ,Cost of Goods Sold
TEK-3PLBR6L240, 	-   , 	1.00 , 	-   , 	1.00 ,Cost of Goods Sold
TEK-3PLBR8L, 	-   , 	2.00 , 	-   , 	2.00 ,Cost of Goods Sold
TEL-TSW010, 	-   , 	4.00 , 	1.00 , 	3.00 ,Cost of Goods Sold
TEL-TSW030, 	-   , 	1.00 , 	-   , 	1.00 ,Cost of Goods Sold
TEL-TSW210, 	-   , 	-   , 	10.00 , 	-10.00 ,Cost of Goods Sold
TRI-011703888, 	-   , 	20.00 , 	-   , 	20.00 ,Cost of Goods Sold
TRI-ABS BOX 560X380X180, 	-   , 	2.00 , 	1.00 , 	1.00 ,Cost of Goods Sold
TUD-EPDM HOSE PIPE 51MM, 	-   , 	-   , 	4.00 , 	-4.00 ,Cost of Goods Sold
UB-ACTUATED BFV SS304 25MM WITH SMS UNION, 	-   , 	-   , 	1.00 , 	-1.00 ,Cost of Goods Sold
UB-BALL VALVE 1/2'', 	-   , 	5.00 , 	-   , 	5.00 ,Cost of Goods Sold
UB-BATTERY LUG 1.5SQMM, 	-   , 	6.00 , 	-   , 	6.00 ,Cost of Goods Sold
UB-CABLE TIE 100MM, 	-   , 	10.00 , 	-   , 	10.00 ,Cost of Goods Sold
UB-DAIRY POLISHED BEND 101MM, 	-   , 	8.00 , 	-   , 	8.00 ,Cost of Goods Sold
UB-DAIRY POLISHED BEND 25MM, 	-   , 	2.00 , 	-   , 	2.00 ,Cost of Goods Sold
UB-DAIRY POLISHED BEND 51MM, 	-   , 	110.00 , 	-   , 	110.00 ,Cost of Goods Sold
UB-DAIRY POLISHED BEND 63MM, 	-   , 	10.00 , 	-   , 	10.00 ,Cost of Goods Sold
UB-DAIRY POLISHED PIPE 101MM, 	-   , 	24.00 , 	-   , 	24.00 ,Cost of Goods Sold
UB-DAIRY POLISHED PIPE 152x3MM THK, 	-   , 	72.80 , 	-   , 	72.80 ,Cost of Goods Sold
UB-DAIRY POLISHED PIPE 25MM, 	-   , 	12.20 , 	-   , 	12.20 ,Cost of Goods Sold
UB-DAIRY POLISHED PIPE 63MM, 	-   , 	18.10 , 	-   , 	18.10 ,Cost of Goods Sold
UB-DAIRY POLISHED TEE 25MM, 	-   , 	3.00 , 	-   , 	3.00 ,Cost of Goods Sold
UB-DAIRY POLISHED TEE 63MM, 	-   , 	25.00 , 	-   , 	25.00 ,Cost of Goods Sold
UB-FLEXIBLE PIPE 25MM, 	-   , 	25.00 , 	-   , 	25.00 ,Cost of Goods Sold
UB-GLASS FUSE 2A, 	-   , 	100.00 , 	-   , 	100.00 ,Cost of Goods Sold
UB-HR SS304 PLATE, 	-   , 	11.18 , 	-   , 	11.18 ,Cost of Goods Sold
UB-HR SS304 PLATE 3MM THK, 	-   , 	18.20 , 	-   , 	18.20 ,Cost of Goods Sold
UB-INLINE FILTER 100X51MM, 	-   , 	1.00 , 	-   , 	1.00 ,Cost of Goods Sold
UB-INSULATION TAPE, 	-   , 	20.00 , 	100.00 , 	-80.00 ,Cost of Goods Sold
UB-JUNCTION BOX 300X300X250, 	-   , 	-   , 	5.00 , 	-5.00 ,Cost of Goods Sold
UB-JUNCTION BOX 500MMX500MMX250MM, 	-   , 	2.00 , 	-   , 	2.00 ,Cost of Goods Sold
UB-L TYPE M12 4PIN CONNECTORS, 	-   , 	35.00 , 	-   , 	35.00 ,Cost of Goods Sold
UB-LASHING BELT, 	-   , 	4.00 , 	-   , 	4.00 ,Cost of Goods Sold
UB-LUGS COPPER RING TYPE 35SQMMx6.4ID, 	-   , 	10.00 , 	-   , 	10.00 ,Cost of Goods Sold
UB-LUGS COPPER RING TYPE 35SQMMx8.2ID, 	-   , 	10.00 , 	-   , 	10.00 ,Cost of Goods Sold
UB-LUGS COPPER RING TYPE 4-6SQMMX8.2 ID, 	-   , 	-   , 	200.00 , 	-200.00 ,Cost of Goods Sold
UB-LUGS PIN TYPE 1.5SQMM, 	-   , 	-   , 	8.00 , 	-8.00 ,Cost of Goods Sold
UB-LUGS PIN TYPE 2.5SQMM, 	-   , 	5.00 , 	-   , 	5.00 ,Cost of Goods Sold
UB-LUGS PIN TYPE 35 MM, 	-   , 	10.00 , 	-   , 	10.00 ,Cost of Goods Sold
UB-LUGS PIN TYPE 6SQMM, 	-   , 	-   , 	1.00 , 	-1.00 ,Cost of Goods Sold
UB-PG GLAND 16MM, 	-   , 	-   , 	55.00 , 	-55.00 ,Cost of Goods Sold
UB-PG GLAND 21MM, 	-   , 	49.00 , 	-   , 	49.00 ,Cost of Goods Sold
UB-SAMPLE COCK, 	-   , 	1.00 , 	-   , 	1.00 ,Cost of Goods Sold
UB-SMS GASKET 25MM, 	-   , 	10.00 , 	-   , 	10.00 ,Cost of Goods Sold
UB-SMS GASKET 38MM, 	-   , 	10.00 , 	-   , 	10.00 ,Cost of Goods Sold
UB-SMS GASKET 51MM, 	-   , 	11.00 , 	-   , 	11.00 ,Cost of Goods Sold
UB-SMS GASKET 63MM, 	-   , 	35.00 , 	-   , 	35.00 ,Cost of Goods Sold
UB-SMS NITRILE GASKET 150MM, 	-   , 	10.00 , 	-   , 	10.00 ,Cost of Goods Sold
UB-SQUARE PIPE 100X50X3MM THK, 	-   , 	90.60 , 	-   , 	90.60 ,Cost of Goods Sold
UB-SQUARE PIPE 25X25MM X 3MM THK, 	-   , 	-   , 	40.00 , 	-40.00 ,Cost of Goods Sold
UB-SQUARE PIPE 40 X 40 MM X 2MM THK, 	-   , 	12.40 , 	-   , 	12.40 ,Cost of Goods Sold
UB-SQUARE PIPE 50 X 50 X 2 MM THK, 	-   , 	12.20 , 	-   , 	12.20 ,Cost of Goods Sold
UB-SQUARE PIPE 60 X 40 MM X 2MM THK, 	-   , 	2.50 , 	-   , 	2.50 ,Cost of Goods Sold
UB-SS BARREL NIPPLE 1'', 	-   , 	3.00 , 	-   , 	3.00 ,Cost of Goods Sold
UB-SS BARREL NIPPLE 1''x4'', 	-   , 	4.00 , 	-   , 	4.00 ,Cost of Goods Sold
UB-SS CABLE TIES 200MM, 	-   ," 	1,100.00 "," 	4,000.00 "," 	-2,900.00 ",Cost of Goods Sold
UB-SS CLAMP 101MM, 	-   , 	3.00 , 	-   , 	3.00 ,Cost of Goods Sold
UB-SS CLAMP 152MM, 	-   , 	36.00 , 	-   , 	36.00 ,Cost of Goods Sold
UB-SS CLAMP 168MM, 	-   , 	9.00 , 	-   , 	9.00 ,Cost of Goods Sold
UB-SS CLAMP 25MM, 	-   , 	12.00 , 	-   , 	12.00 ,Cost of Goods Sold
UB-SS CLAMP 2''x2 1/2'', 	-   , 	30.00 , 	-   , 	30.00 ,Cost of Goods Sold
UB-SS CLAMP 38MM, 	-   , 	5.00 , 	-   , 	5.00 ,Cost of Goods Sold
UB-SS CLAMP 51MM, 	-   , 	115.00 , 	-   , 	115.00 ,Cost of Goods Sold
UB-SS FLANGE 2''X150, 	-   , 	3.00 , 	-   , 	3.00 ,Cost of Goods Sold
UB-SS GLAND DOUBLE COMPRESSION 16MM, 	-   , 	-   , 	80.00 , 	-80.00 ,Cost of Goods Sold
UB-SS GLAND DOUBLE COMPRESSION 19MM, 	-   , 	8.00 , 	70.00 , 	-62.00 ,Cost of Goods Sold
UB-SS HEXBOLT M12X60, 	-   , 	50.00 , 	-   , 	50.00 ,Cost of Goods Sold
UB-SS HOSE CLAMP 51MM, 	-   , 	-   , 	8.00 , 	-8.00 ,Cost of Goods Sold
UB-SS PANEL 1200X850X325MM, 	-   , 	1.00 , 	-   , 	1.00 ,Cost of Goods Sold
UB-SS PANEL 2000+300x1200x600, 	-   , 	1.00 , 	-   , 	1.00 ,Cost of Goods Sold
UB-SS PANEL 800X700X225MM, 	-   , 	1.00 , 	-   , 	1.00 ,Cost of Goods Sold
UB-SS REDUCER 51X38MM, 	-   , 	2.00 , 	-   , 	2.00 ,Cost of Goods Sold
UB-SS REDUCER 76X51MM, 	-   , 	2.00 , 	-   , 	2.00 ,Cost of Goods Sold
UB-SS SOCKET 1/2'', 	-   , 	4.00 , 	-   , 	4.00 ,Cost of Goods Sold
UB-SS SOCKET 3/8'', 	-   , 	13.00 , 	-   , 	13.00 ,Cost of Goods Sold
UB-SS T.C CLAMP 51MM, 	-   , 	6.00 , 	-   , 	6.00 ,Cost of Goods Sold
UB-SS TC CLAMP 2'', 	-   , 	1.00 , 	-   , 	1.00 ,Cost of Goods Sold
UB-SS304 BASE PLATE 150MM X 5MM THICKNESS, 	-   , 	4.00 , 	100.00 , 	-96.00 ,Cost of Goods Sold
UB-SS304 BEND 152x3MM THK, 	-   , 	28.00 , 	-   , 	28.00 ,Cost of Goods Sold
UB-SS304 C.R.S.S SHEET 0.5x2.5MM, 	-   , 	7.70 , 	-   , 	7.70 ,Cost of Goods Sold
UB-SS304 CABLE TRAY 200X50X4.5X2.5MTR, 	-   , 	-   , 	80.00 , 	-80.00 ,Cost of Goods Sold
UB-SS304 CORRUGATED HOSE PIPE 51MM WITH SMS UNION, 	-   , 	4.00 , 	-   , 	4.00 ,Cost of Goods Sold
UB-SS304 DUMMY CIRCLE 38MM, 	-   , 	10.00 , 	-   , 	10.00 ,Cost of Goods Sold
UB-SS304 HEXBOLT & NUT 14X60MM, 	-   , 	40.00 , 	-   , 	40.00 ,Cost of Goods Sold
UB-SS304 M14x60MM NUTBOLT WITH WASHER, 	-   , 	12.00 , 	-   , 	12.00 ,Cost of Goods Sold
UB-SS304 MANUAL BFV 152MM WITH TC END, 	-   , 	4.00 , 	-   , 	4.00 ,Cost of Goods Sold
UB-SS304 MANUAL BFV 51MM WITH SMS UNION, 	-   , 	3.00 , 	-   , 	3.00 ,Cost of Goods Sold
UB-SS304 NIDDLE VALVE 1/2'', 	-   , 	2.00 , 	-   , 	2.00 ,Cost of Goods Sold
UB-SS304 NRV 25MM, 	-   , 	2.00 , 	-   , 	2.00 ,Cost of Goods Sold
UB-SS304 PLATE 1010x1010x5MM THK, 	-   , 	1.00 , 	-   , 	1.00 ,Cost of Goods Sold
UB-SS304 PUMP 0.5HP, 	-   , 	1.00 , 	-   , 	1.00 ,Cost of Goods Sold
UB-SS304 REDUCER 63X38MM, 	-   , 	2.00 , 	-   , 	2.00 ,Cost of Goods Sold
UB-SS304 REDUCER CONE 101X76MM, 	-   , 	2.00 , 	-   , 	2.00 ,Cost of Goods Sold
UB-SS304 REDUCER CONE 25X15MM, 	-   , 	4.00 , 	-   , 	4.00 ,Cost of Goods Sold
UB-SS304 REDUCER CONE 63X51MM, 	-   , 	5.00 , 	-   , 	5.00 ,Cost of Goods Sold
UB-SS304 REDUCER CONE 76X63MM, 	-   , 	4.00 , 	-   , 	4.00 ,Cost of Goods Sold
UB-SS304 REDUCER TEE 100 X 63MM, 	-   , 	15.00 , 	-   , 	15.00 ,Cost of Goods Sold
UB-SS304 REDUCER TEE 101x25 MM, 	-   , 	1.00 , 	-   , 	1.00 ,Cost of Goods Sold
UB-SS304 REDUCER TEE 152X63MM, 	-   , 	18.00 , 	-   , 	18.00 ,Cost of Goods Sold
UB-SS304 REDUCER TEE 38X25MM, 	-   , 	2.00 , 	-   , 	2.00 ,Cost of Goods Sold
UB-SS304 REDUCER TEE 51X25MM, 	-   , 	2.00 , 	-   , 	2.00 ,Cost of Goods Sold
UB-SS304 REDUCER TEE 63 X 51MM, 	-   , 	4.00 , 	-   , 	4.00 ,Cost of Goods Sold
UB-SS304 SCHEDULE BEND 2'', 	-   , 	15.00 , 	-   , 	15.00 ,Cost of Goods Sold
UB-SS304 SCHEDULE PIPE 2'', 	-   , 	83.90 , 	-   , 	83.90 ,Cost of Goods Sold
UB-SS304 SCHEDULE TEE 2'', 	-   , 	6.00 , 	-   , 	6.00 ,Cost of Goods Sold
UB-SS304 SMS UNION 152MM, 	-   , 	8.00 , 	-   , 	8.00 ,Cost of Goods Sold
UB-SS304 SMS UNION 25 MM, 	-   , 	13.00 , 	-   , 	13.00 ,Cost of Goods Sold
UB-SS304 SMS UNION 38MM, 	-   , 	4.00 , 	-   , 	4.00 ,Cost of Goods Sold
UB-SS304 SMS UNION 51MM, 	-   , 	43.00 , 	20.00 , 	23.00 ,Cost of Goods Sold
UB-SS304 SMS UNION 63MM, 	-   , 	38.00 , 	-   , 	38.00 ,Cost of Goods Sold
UB-SS304 SMS UNION 63MM, 	-   , 	4.00 , 	-   , 	4.00 ,Cost of Goods Sold
UB-SS304 SPRAY BALL 1/2'', 	-   , 	1.00 , 	-   , 	1.00 ,Cost of Goods Sold
UB-SS304 STRIP 25x5MM THK, 	-   , 	5.80 , 	-   , 	5.80 ,Cost of Goods Sold
UB-SS304 TC CLAMP 152MM WITH UNION AND GASKET, 	-   , 	4.00 , 	-   , 	4.00 ,Cost of Goods Sold
UB-SS304 TC CLAMP 51MM WITH UNION AND GASKET, 	-   , 	2.00 , 	-   , 	2.00 ,Cost of Goods Sold
UB-SS304 THERMOWELL SOCKET 1/2''X63MM, 	-   , 	5.00 , 	-   , 	5.00 ,Cost of Goods Sold
UB-SS304 THERMOWELL SOCKET 1/2''X76MM, 	-   , 	2.00 , 	-   , 	2.00 ,Cost of Goods Sold
UB-SS316 BEND 25MM, 	-   , 	6.00 , 	-   , 	6.00 ,Cost of Goods Sold
UB-SS316 CORRUGATED HOSE PIPE 25MM WITH SMS UNION, 	-   , 	4.00 , 	-   , 	4.00 ,Cost of Goods Sold
UB-SS316 SAMPLING COCK 1/2'' BSP, 	-   , 	4.00 , 	-   , 	4.00 ,Cost of Goods Sold
UB-SS316 SMS UNION 25MM, 	-   , 	8.00 , 	-   , 	8.00 ,Cost of Goods Sold
UB-TAG PLATES TREFOLITE 70X20MM, 	-   , 	328.00 , 	-   , 	328.00 ,Cost of Goods Sold
UB-TRI CLOVER GASKET NYLON 51 MM, 	-   , 	2.00 , 	-   , 	2.00 ,Cost of Goods Sold
UB-WOODEN BOX 57''X30''X96'', 	-   , 	1.00 , 	-   , 	1.00 ,Cost of Goods Sold
UB-WOODEN BOX 800x500x1150, 	-   , 	1.00 , 	-   , 	1.00 ,Cost of Goods Sold
UB-WOODEN BOX 850x750x275MM, 	-   , 	1.00 , 	-   , 	1.00 ,Cost of Goods Sold
"UB-WOODEN PLATEFORM 60""x7""x14""", 	-   , 	8.00 , 	-   , 	8.00 ,Cost of Goods Sold
UB-WOODEN SADDLE 177DIAx125CH MM, 	-   , 	4.00 , 	-   , 	4.00 ,Cost of Goods Sold
WAV-HDMI LCD 10'', 	-   , 	1.00 , 	-   , 	1.00 ,Cost of Goods Sold